English,Russian,Armenian,French
noun,существительное, գոյական,nom
ability,способность, կարողություն,capacité
abroad,за рубежом, արտասահմանում,à l'étranger
abuse,злоупотреблять, չարաշահում,abuser de
access,доступ, մուտք,accéder
accident,несчастный случай, վթար,accident
account,учетная запись, հաշիվ,Compte
act,действовать, գործել,loi
action,действие, գործողություն,action
active,активный, ակտիվ,actif
activity,активность, գործունեություն,activité
actor,актер, դերասան,acteur
ad,объявление, Հայտարարություն,un d
addition,добавление, հավելում,une addition
address,адрес, հասցեն,adresse
administration,администрация, վարչակազմ,administration
adult,взрослый, չափահաս,adulte
advance,продвигать, կանխավճար,avance
advantage,преимущество, առավելություն,avantage
advertising,реклама, գովազդ,La publicité
advice,совет, խորհուրդ,conseils
affair,роман, գործ,aventure
affect,оказывать воздействие, ազդել,affecter
afternoon,после полудня, կեսօրից հետո,après-midi
age,возраст, Տարիք,âge
agency,агентство, գործակալություն,agence
agent,агент, գործակալ,agent
agreement,соглашение, համաձայնագիր,une entente
air,воздуха, օդ,air
airline,авиакомпания, ավիաընկերություն,Compagnie aérienne
airport,аэропорт, օդանավակայան,aéroport
alarm,тревога, ահազանգ,alarme
alcohol,алкоголь, ալկոհոլ,de l'alcool
alternative,альтернатива, այլընտրանք,alternative
ambition,амбиция, փառասիրություն,ambition
amount,количество, գումարը,quantité
analysis,анализ, վերլուծություն,une analyse
analyst,аналитик, վերլուծաբան,analyste
anger,злость, զայրույթը,colère
angle,угол, անկյուն,angle
animal,животное, կենդանի,animal
annual,ежегодный, տարեկան,annuel
answer,отвечать, պատասխանել,répondre
anxiety,беспокойство, անհանգստություն,anxiété
anybody,любой, որեւէ մեկը,n'importe qui
anything,что-либо, ինչ-որ բան,n'importe quoi
anywhere,везде, ամենուրեք,partout
apartment,квартира, բնակարան,appartement
appeal,обращаться, բողոքարկել,appel
appearance,внешность, տեսքը,apparence
apple,яблоко, խնձոր,Pomme
application,применение, դիմումը,application
appointment,встреча, նշանակումը,rendez-vous
area,площадь, տարածք,surface
argument,аргумент, փաստարկ,argument
arm,рука, արմ,bras
army,армия, բանակ,armée
arrival,прибытие, ժամանումը,Arrivées
art,искусство, արվեստ,art
article,статья, հոդված,article
aside,в стороне, մի կողմ,de côté
ask,просить, հարցնել,interroger
aspect,аспект, ասպեկտը,aspect
assignment,назначение, հանձնարարություն,mission
assist,помощь, օժանդակել,aider
assistance,помощь, օգնություն,assistance
assistant,помощник, օգնական,assistant
associate,ассоциирован, գործակից,associé
association,ассоциация, ասոցիացիա,association
assumption,предположение, ենթադրություն,supposition
atmosphere,атмосфера, մթնոլորտ,atmosphère
attack,атака, հարձակում,attaque
attempt,пытаться, փորձ,tentative
attention,внимание,ուշադրություն,attention
attitude,отношение, վերաբերմունքը,attitude
audience,аудитория, հանդիսատես,public
author,автор, հեղինակ,auteur
average,средний, միջին,moyenne
award,премия, մրցանակ,décerner
awareness,осведомленность, իրազեկում,conscience
baby,детка, երեխա,de bébé
back,назад, ետ,arrière
background,задний план, ֆոն,Contexte
bad,Плохо, վատ,mal
bag,мешок, պայուսակ,sac
bake,выпекать, թխել,cuire
balance,остаток средств, հավասարակշռություն,solde
ball,мяч, գնդակ,Balle
band,группа, նվագախումբ,bande
bank,банк, բանկ,banque
bar,бар, բար,bar
base,база, հիմք,base
baseball,бейсбол, բեյսբոլ,base-ball
basis,основа, հիմք,base
basket,корзина, զամբյուղ,panier
bat,летучая мышь, չղջիկ,chauve souris
bath,ванна, լոգանք,bain
bathroom,ванная комната, սանհանգույց,salle de bain
battle,боевой, ճակատամարտ,bataille
beach,пляж, լողափ,plage
bear,нести, արջ,ours
beat,бить, ծեծել,battre
beautiful,Красивый, գեղեցիկ,belle
bed,кровать, մահճակալ,lit
bedroom,Спальня, ննջասենյակ,chambre à coucher
beer,пиво, Գարեջուր,Bière
beginning,начало, սկիզբը,début
being,существование, լինելը,être
bell,колокол, զանգ,cloche
belt,пояс, գոտի,courroie
bench,скамья, նստարան,banc
bend,сгибать, թեքվել,pliez
benefit,польза, օգուտ,bénéfices
bet,делать ставку, խաղադրույք,pari
beyond,вне, այն կողմ,au-delà
bicycle,велосипед, հեծանիվ,vélo
bid,делать ставку, հայտ,offre d'achat
big,большой, մեծ,grand
bike,велосипед, հեծանիվ,Bicyclette
bill,законопроект, հաշիվը,facture
bird,птица, թռչուն,oiseau
birth,рождение, ծնունդը,naissance
birthday,день рождения, ծննդյան օրը,date d'anniversaire
bit,кусочек, քիչ,bit
bite,кусать, կծում,mordre
bitter,горький, դառը,amer
black,черный, Սեվ,noir
blame,обвинять, մեղադրել,faire des reproches
blank,пустой, դատարկ,Vide
blind,слепой, կույր,aveugle
block,блокировать, արգելափակել,bloquer
blood,кровь, արյուն,du sang
blow,дуть, հարված,coup
blue,синий, Կապույտ,bleu
board,доска, տախտակ,conseil
boat,лодка, նավակ,bateau
body,тело, մարմինը,corps
bone,кость, ոսկոր,os
bonus,бонус, բոնուս,prime
book,книга, գիրք,livre
boot,ботинок, կոշիկ,démarrage
border,граница, սահման,frontière
boss,босс, պետ,chef
bother,беспокоить, անհանգստացնել,embêter
bottle,бутылка, շիշ,bouteille
bottom,нижний, ներքեւ,fond
bowl,миска, գունդ,bol
box,коробка, տուփ,boîte
boy,мальчик, տղա,garçon
boyfriend,парень, ընկերոջ,copain
brain,мозг, ուղեղը,cerveau
branch,ветвь, մասնաճյուղ,bifurquer
brave,Храбрый, համարձակ,brave
bread,хлеб, հաց,pain
break,сломать, ընդմիջում,Pause
breakfast,завтрак, նախաճաշ,petit-déjeuner
breast,грудь, կուրծքը,Sein
breath,дыхание,շունչ,souffle
brick,кирпич, աղյուս,brique
bridge,мост, կամուրջ,pont
brief,краткий, կարճ,bref
brilliant,блестящий, փայլուն,génial
broad,широкий, լայն,large
brother,брат, եղբայր,frère
brown,коричневый, շագանակագույն,brun
brush,щетка, խոզանակ,brosse
buddy,приятель, ընկեր,copain
budget,бюджет, բյուջեն,budget
bug,ошибка, վրիպակ,punaise
building,строительство, շինություն,imeuble
bunch,связка, փունջ,groupe
burn,гореть, այրել,brûler
bus,автобус, ավտոբուս,bus
business,бизнес, բիզնես,Entreprise
button,кнопка, կոճակը,bouton
buy,купить, գնել,acheter
buyer,покупатель, գնորդ,acheteur
cabinet,шкаф, կաբինետ,cabinet
cable,кабель, մալուխ,câble
cake,кекс, տորթ,gâteau
calendar,календарь, օրացույց,calendrier
call,вызов, զանգահարել,téléphoner à
calm,спокойствие, հանգիստ,calme
camera,камера, տեսախցիկ,caméra
camp,лагерь, ճամբար,camp
campaign,кампания, քարոզարշավը,campagne
can,может, կարող է,peut
cancel,Отмена, չեղարկել,annuler
cancer,рак, քաղցկեղ,un cancer
candidate,кандидат, թեկնածու,candidat
candle,свеча, մոմ,bougie
candy,конфеты, կոնֆետ,Des bonbons
cap,кепка, գլխարկ,casquette
capital,столица, կապիտալ,Capitale
car,автомобиль, մեքենա,auto
card,карта, քարտ,carte
care,уход, խնամք,se soucier
career,карьера, կարիերա,carrière
carpet,ковровая дорожка, գորգ,tapis
carry,нести, կրել,transporter
case,кейс, գործ,Cas
cash,денежные средства, կանխիկ,en espèces
cat,кот, կատու,chat
catch,ловить, բռնել,capture
category,категория, կատեգորիա,Catégorie
cause,причина, պատճառ,causer
celebration,праздник, տոնակատարություն,fête
cell,клетка, բջիջ,cellule
chain,цепь, շղթա,chaîne
chair,стул, Աթոռ,chaise
challenge,испытание, մարտահրավեր,défier
champion,чемпион, չեմպիոն,champion
championship,чемпионат, առաջնություն,championnat
chance,шанс, հնարավորություն,chance
change,изменение, փոփոխություն,monnaie
channel,канал, ալիք,canal
chapter,глава, գլուխ,chapitre
character,символ, բնավորություն,personnage
charge,обвинять, գանձել,charger
charity,благотворительность, բարեգործություն,charité
chart,диаграмма, գծապատկեր,graphique
check,проверять, ստուգել,Chèque
cheek,щека, այտ,joue
chemical,химический, քիմիական,chimique
chemistry,химия, քիմիա,chimie
chest,грудь, կրծքավանդակը,coffre
chicken,курица, հավ,poulet
child,ребенок, երեխա,enfant
childhood,детство, մանկություն,enfance
chip,чип, չիպ,ébrécher
chocolate,шоколад, շոկոլադ,Chocolat
choice,выбор, ընտրություն,choix
church,церковь, եկեղեցի,église
cigarette,сигарета, ծխախոտ,cigarette
city,город, քաղաք,ville
claim,требовать, պահանջ,prétendre
class,учебный класс, դաս,classe
classic,Классик,դասական,classique
classroom,школьный класс, դասարան,Salle de classe
clerk,клерк, գործավարուհի,employé de bureau
click,нажимать, սեղմել,Cliquez sur
client,клиент, հաճախորդ,client
climate,климат, կլիմա,climat
clock,Часы, ժամացույց,horloge
closet,шкаф, պահարան,le placard
clothes,одежда, հագուստ,vêtements
cloud,облако, ամպ,nuage
club,клуб, ակումբ,club
clue,ключ к разгадке, թել,indice
coach,тренер, մարզիչ,entraîneur
coast,побережье, Ափ,côte
coat,Пальто, վերարկու,manteau
code,код, կոդը,code
coffee,кофе, սուրճ,café
cold,холодный, ցուրտ,froid
collar,воротник, օձիք,collier
collection,коллекция, հավաքածու,le recueil
college,колледж, քոլեջ,collège
combination,комбинация, համադրություն,combinaison
combine,комбинировать, միավորել,combiner
comfort,комфорт, հարմարավետություն,confort
comfortable,комфортный, հարմարավետ,confortable
command,командование, հրաման,commande
comment,комментарий, մեկնաբանել,commentaire
commercial,коммерческий, կոմերցիոն,commercial
commission,комиссия, հանձնաժողով,commission
committee,комитет, հանձնաժողով,Comité
common,общий, ընդհանուր,commun
communication,коммуникация, հաղորդակցություն,la communication
community,сообщество, համայնք,communauté
company,Компания, ընկերությունը,compagnie
comparison,сравнение, համեմատություն,Comparaison
competition,конкуренция, մրցակցություն,concours
complaint,жалоба, բողոք,plainte
complex,сложный, համալիր,complexe
computer,компьютерный, համակարգիչ,ordinateur
concentrate,концентрироваться, կենտրոնանալ,concentrer
concept,концепция, հայեցակարգ,concept
concern,беспокойство, մտահոգություն,préoccupation
concert,концерт, համերգ,concert
conclusion,заключение, եզրակացություն,conclusion
condition,условие, վիճակ,état
conference,конференция, համաժողով,conférence
confidence,уверенность, վստահություն,confiance
conflict,конфликт, կոնֆլիկտ,conflit
confusion,спутанность сознания, շփոթություն,confusion
connection,связь, կապ,lien
consequence,последствие, հետևանք,conséquence
consideration,рассмотрение, նկատառում,considération
consist,состоять, բաղկացած է,consister
constant,постоянный, մշտական,constante
construction,строительство, շինարարություն,construction
contact,контакт, Կապ,Contactez
contest,конкурс, մրցույթ,concours
context,контекст, համատեքստ,contexte
contract,договор, պայմանագիր,Contrat
contribution,вклад, ներդրում,contribution
control,контроль, վերահսկողություն,contrôle
conversation,беседа, զրույց,conversation
convert,конвертировать, փոխակերպել,convertir
cook,готовить, եփել,cuisinier
cookie,печенье, թխվածքաբլիթ,biscuit
copy,копия, պատճենել,copie
corner,угол, անկյուն,coin
cost,Стоимость, արժեքը,Coût
count,считать, հաշվել,compter
counter,прилавок, հաշվիչ,contrer
country,страна,երկիր,de campagne
county,округ, կոմսություն,comté
couple,пара, զույգ,coupler
courage,храбрость, քաջություն,courage
course,курс, դասընթաց,cours
court,корт, դատարան,rechercher
cousin,двоюродная сестра, զարմիկ,cousine
cover,крышка, ծածկոց,couverture
cow,корова, կով,vache
crack,трескаться, ճաք,fissure
craft,ремесло, արհեստ,artisanat
crash,крушение, վթար,crash
crazy,сумасшедший, խենթ,fou
cream,кремовый цвет, կրեմ,crème
creative,творческий, ստեղծագործական,Créatif
credit,кредит, վարկ,le crédit
crew,экипаж, անձնակազմ,équipe
criticism,критика, քննադատություն,critique
cross,Пересекать, Խաչ,traverser
cry,крик, լաց,cri
culture,культура, մշակույթը,Culture
cup,кружка, բաժակ,Coupe
currency,валюта, արժույթ,devise
current,Текущий, ընթացիկ,actuel
curve,изгиб, կոր,courbe
customer,покупатель, հաճախորդ,client
cut,резать, կտրել,couper
cycle,цикл, ցիկլը,cycle
dad,папа, հայրիկ,père
damage,наносить ущерб, վնաս,endommager
dance,танец, պարել,Danse
dare,осмеливаться, համարձակվել,oser
dark,темнота, մութ,foncé
data,данные, տվյալները,Les données
database,база данных, տվյալների բազա,base de données
date,датировать, ամսաթիվը,Date
daughter,дочь, դուստրը,fille
day,день, օր,journée
dead,мертвых, մահացած,morte
deal,по рукам, գործարք,accord
dealer,дилер, դիլեր,Marchand
dear,дорогой, սիրելի,chère
death,смерть, մահ,la mort
debate,дебаты, բանավեճ,débat
debt,долг, պարտք,dette
decision,решение, որոշումը,décision
deep,глубокий, խոր,Profond
definition,определение, սահմանում,définition
degree,степень, աստիճան,degré
delay,задерживать, ուշացում,retard
delivery,Доставка, առաքում,livraison
demand,требование, պահանջարկ,demande
department,отделение, բաժին,département
departure,выезд, մեկնում,Départ
dependent,зависимый, կախյալ,dépendant
deposit,депозитный, ավանդ,dépôt
depression,депрессия, դեպրեսիա,une dépression
depth,глубина, խորություն,profondeur
description,описание, նկարագրությունը,la description
design,дизайн, դիզայն,motif
designer,дизайнер, դիզայներ,designer
desire,желание, ցանկություն,le désir
desk,стол письменный, գրասեղան,bureau
detail,деталь, մանրամասն,détail
development,разработка, զարգացում,développement
device,устройство, սարքը,appareil
devil,дьявол, Սատանա,diable
diamond,бриллиант, ադամանդ,diamant
diet,рацион питания, դիետա,diète
difference,разница, տարբերությունը,différence
difficulty,трудность, դժվարություն,difficulté
dig,копать землю, փորել,creuser
dimension,измерение, հարթություն,dimension
dinner,обед, ընթրիք,dîner
direction,направление, ուղղությունը,direction
director,директор, տնօրեն,directeur
dirt,грязь, կեղտ,saleté
disaster,стихийное бедствие, աղետ,catastrophe
discipline,дисциплина,կարգապահություն,discipline
discount,скидка, զեղչ,remise
discussion,дискуссия, քննարկում,discussion
disease,болезнь, հիվանդություն,maladie
dish,блюдо, ուտեստ,assiette
disk,диск, սկավառակ,disque
display,отображать, ցուցադրել,affichage
distance,расстояние, հեռավորությունը,distance
distribution,распределение, բաշխում,Distribution
district,округ, շրջան,quartier
divide,разделять, բաժանել,diviser
doctor,доктор, բժիշկ,docteur
document,документ, փաստաթուղթ,document
dog,собака, շուն,chien
door,дверь, դուռ,porte
dot,точка, կետ,point
double,двойной, կրկնակի,double
doubt,сомневаться, կասկած,doute
draft,черновой вариант, նախագիծը,Brouillon
drag,тащить, քաշել,glisser
drama,драма, դրամա,drame
draw,рисовать, նկարել,dessiner
drawer,ящик, դարակ,tiroir
drawing,рисунок, նկարչություն,dessin
dream,мечтать, երազել,rêve
dress,платье, զգեստ,robe
drink,напиток, խմել,boire
drive,водить машину, քշել,lecteur
driver,Водитель, վարորդ,chauffeur
drop,уронить, անկում,goutte
drunk,пьяный, խմած,ivre
due,в связи, պայմանավորված,dû
dump,свалка, թափել,décharger
dust,пыль, փոշին,poussière
duty,долг, պարտականություն,devoir
ear,ухо, ականջ,oreille
earth,Земля, երկիր,la terre
ease,простота, թեթեւացնել,faciliter
east,восток, արևելք,est
eat,есть, ուտել,manger
economics,Экономика, տնտեսագիտություն,économie
economy,экономика, տնտ,économie
edge,край, եզր,bord
editor,редактор, խմբագիր,éditeur
education,образование, կրթություն,éducation
effect,эффект, ազդեցություն,effet
effective,эффективная, արդյունավետ,efficace
efficiency,эффективность, արդյունավետությունը,efficacité
effort,усилие, ջանք,effort
egg,яйцо, ձու,Oeuf
election,выборы, ընտրություն,élection
elevator,лифт, վերելակ,ascenseur
emergency,чрезвычайное происшествие, արտակարգ իրավիճակ,urgence
emotion,эмоция, զգացմունք,émotion
emphasis,акцент, շեշտադրում,accentuation
employ,применять, աշխատանքի տեղավորել,employer
employee,работник, աշխատող,employé
employer,работодатель, գործատու,employeur
employment,работа, զբաղվածություն,emploi
end,конец, վերջ,fin
energy,энергия, էներգիա,énergie
engine,двигатель, շարժիչ,moteur
engineer,инженер, ինժեներ,ingénieur
engineering,инженерный, ճարտարագիտություն,ingénierie
entertainment,развлекательная программа, զվարճություն,divertissement
enthusiasm,энтузиазм, խանդավառություն,enthousiasme
entrance,вход, մուտք,entrée
entry,вход, մուտք,entrée
environment,среда, միջավայրը,environnement
equal,равный, հավասար,égal
equipment,оборудование, սարքավորումներ,équipement
equivalent,эквивалент, համարժեք,équivalent
error,ошибка, սխալ,Erreur
escape,побег, փախչել,s'échapper
essay,сочинение, էսսե,essai
establishment,учреждение, հիմնում,établissement
estate,имущество,գույք,domaine
estimate,оценить, նախահաշիվը,estimation
evening,вечер, երեկո,soirée
event,событие, իրադարձություն,un événement
evidence,доказательство, ապացույցներ,preuve
exam,экзамен, քննություն,examen
examination,экзамен, քննություն,examen
example,пример, օրինակ,Exemple
exchange,обмен, փոխանակում,échanger
excitement,возбуждение, հուզմունք,excitation
excuse,извинение, արդարացում,excuse
exercise,упражнение, վարժություն,exercice
exit,выход, ելք,sortir
experience,опыт, փորձը,de l'expérience
expert,эксперт, փորձագետ,expert
explanation,объяснение, բացատրություն,explication
expression,выражение, արտահայտություն,expression
extension,расширение, երկարաձգում,extension
extent,степень, չափ,Le degré
external,внешний, արտաքին,externe
extreme,крайний, ծայրահեղ,extrême
eye,глаз, աչք,œil
face,лицо, դեմքը,Visage
fact,факт, փաստ,fait
factor,фактор, գործոն,facteur
fail,потерпеть поражение, ձախողվել,échouer
failure,отказ, ձախողում,échec
fall,падение, աշնանը,tombe
familiar,привычный, ծանոթ,familier
family,семья, ընտանիք,famille
fan,поклонник, երկրպագու,ventilateur
farm,ферма, ֆերմա,cultiver
farmer,фермер, ֆերմեր,fermier
fat,толстый, ճարպ,gros
father,отец, հայրիկ,père
fault,вина, մեղքով,défaut
fear,страх, վախ,la crainte
feature,особенность, հատկանիշ,caractéristique
fee,платеж, վճար,frais
feed,подача, կերակրել,nourrir
feedback,Обратная связь, հետադարձ կապ,Rétroaction
feel,Чувствовать, զգալ,ressentir
feeling,чувство, Զգացմունք,sentiment
female,женский, իգական,Femme
few,немного, քիչ,peu
field,поле, դաշտ,domaine
fight,Борьба, պայքարել,se battre
figure,фигура, գործիչ,chiffre
file,файл, ֆայլ,dossier
fill,наполнять, լրացնել,remplir
film,фильм, ֆիլմ,film
final,финал, եզրափակիչ,final
finance,финансы, ֆինանսներ,finance
finding,нахождение, գտնելը,découverte
finger,Палец, մատը,doigt
finish,финиш, ավարտել,terminer
fire,Огонь, կրակ,Feu
fish,рыбы, ձուկ,poisson
fishing,ловит рыбу, ձկնորսություն,faire de la pêche
fix,исправить, ուղղել,réparer
flight,полет, թռիչք,vol
floor,пол, հատակ,étage
flow,поток, հոսքը,couler
flower,цветок, ծաղիկ,fleur
fly,летать, թռչել,mouche
focus,фокус, կենտրոնանալ,se concentrer
fold,складывать, ծալել,plier
following,следующий, հետեւելով,Suivant
food,еда, սնունդ,aliments
foot,фут, ոտք,le pied
football,футбол, ֆուտբոլ,Football
force,сила, ուժ,Obliger
forever,навсегда, ընդմիշտ,toujours
form,форма, ձեւը,formulaire
formal,формальный, պաշտոնական,officiel
fortune,удача, հարստություն,fortune
foundation,Фонд, հիմքը,fondation
frame,Рамка, շրջանակ,Cadre
freedom,свобода, ազատություն,liberté
friend,друг, ընկեր,ami
friendship,дружба,բարեկամություն,Amitié
front,фронт, ճակատ,de face
fruit,фрукты, պտուղ,fruit
fuel,топливо, վառելիք,carburant
fun,весело, զվարճանք,amusement
function,функция, ֆունկցիան,une fonction
funeral,похороны, հուղարկավորություն,funéraire
funny,веселая, զվարճալի,marrant
future,будущее, ապագան,futur
gain,прирост, շահույթ,Gain
game,игра, խաղ,Jeu
gap,зазор, բացը,écart
garage,гараж, ավտոտնակ,garage
garbage,мусор, աղբ,ordures
garden,сад, այգի,jardin
gas,газ, գազ,gaz
gate,ворота, Դարպաս,portail
gather,собирать, հավաքել,rassembler
gear,механизм, հանդերձում,engrenage
gene,ген, գեն,gène
general,генеральный, գեներալ,général
gift,подарок, նվեր,cadeau
girl,девочка, աղջիկ,fille
girlfriend,Подруга, Ընկերուհի,petite amie
give,дайте, տալ,donner
glad,радостный, ուրախ,content
glass,стакан, ապակի,verre
glove,перчатка, ձեռնոց,gant
go,идти, գնա,va
goal,Цель, նպատակ,objectif
god,Бог, աստված,Dieu
gold,золото, ոսկի,or
golf,гольф, գոլֆ,le golf
good,хороший, լավ,bien
government,правительство, կառավարություն,gouvernement
grab,схватить, գրավել,attraper
grade,оценка, գնահատական,grade
grand,гранд, մեծ,grandiose
grandfather,дедушка, պապիկ,grand-père
grandmother,бабушка, տատիկ,grand-mère
grass,трава, խոտ,gazon
great,отличный, մեծ,génial
green,зеленый, կանաչ,vert
grocery,бакалея, մթերային,épicerie
ground,земля, գետնին,sol
group,группа, խումբ,groupe
growth,рост, աճը,croissance
guarantee,гарантия, երաշխիք,garantie
guard,сторожить, պահակ,garder
guess,предполагать, գուշակել,devine
guest,гость, հյուր,invité
guidance,руководство, ուղղորդում,conseils
guide,гид, ուղեցույց,guide
guitar,гитара, կիթառ,guitare
guy,парень, տղա,gars
habit,привычка, սովորություն,habitude
hair,волосы, մազերը,Cheveu
half,половина, կեսը,la moitié
hall,зал, դահլիճ,entrée
hand,рука, ձեռքը,main
handle,справиться, բռնակ,manipuler
hang,вешать, կախել,pendre
harm,вред, վնաս,préjudice
hat,шапка, գլխարկ,chapeau
hate,ненавидеть, ատելություն,détester
head,главный, գլուխ,tête
health,здоровье, առողջություն,santé
hearing,слушание, լսողություն,audience
heart,сердце, սիրտ,cœur
heat,нагревать, ջերմություն,Chauffer
heavy,тяжелый, ծանր,lourd
height,рост, բարձրությունը,la taille
hell,ад, դժոխք,enfer
hello,Привет, Բարեւ Ձեզ,salut
help,помощь, Օգնություն,aider
hide,Спрятать, թաքցնել,cacher
high,высокий, բարձր,haut
highlight,выделять, ընդգծել,surligner
highway,шоссе, մայրուղի,Autoroute
hire,Наем, վարձել,louer
historian,историк, պատմաբան,historien
history,история, պատմությունը,l'histoire
hit,ударять, հարվածել,frappé
hold,держать, պահել,prise
hole,дыра,փոս,trou
holiday,день отдыха, տոն,vacances
home,дом, տուն,domicile
homework,домашнее задание, Տնային աշխատանք,devoirs
honey,медовый, մեղր,chéri
hook,крюк, կեռիկ,accrocher
hope,надеяться, հույս,espérer
horror,ужастик, սարսափ,horreur
horse,лошадь, ձի,cheval
hospital,больница, հիվանդանոց,hôpital
host,хозяин, հյուրընկալող,hôte
hotel,Гостиница, հյուրանոց,Hôtel
hour,час, ժամ,heure
house,жилой дом, տուն,loger
housing,Корпус, բնակարանային,logement
human,человек, մարդ,Humain
hunt,охотиться, որս,chasser
hurry,торопиться, շտապեք,dépêche toi
hurt,повредить, վիրավորվել,blesser
husband,муж, ամուսին,mari
ice,лед, սառույց,la glace
idea,идея, գաղափարը,idée
ideal,идеал, իդեալական,idéal
if,если, եթե,si
illegal,нелегальный, անօրինական,illégal
image,изображение, պատկեր,image
imagination,воображение, երևակայություն,imagination
impact,влияние, ազդեցություն,impacter
implement,осуществлять, իրականացնել,mettre en œuvre
importance,значение, կարևորությունը,importance
impress,впечатление, տպավորվել,impressionner
impression,впечатление, տպավորություն,impression
improvement,улучшение, բարելավում,amélioration
incident,инцидент, միջադեպ,incident
income,доход, եկամուտը,le revenu
increase,увеличивать, աճ,augmenter
independence,Независимость, անկախություն,indépendance
independent,независимый, անկախ,indépendant
indication,Индикация, ցուցում,indication
individual,индивидуальный, անհատական,individuel
industry,промышленность, Արդյունաբերություն,industrie
inevitable,неизбежный, անխուսափելի,inévitable
inflation,инфляция, գնաճը,inflation
influence,оказать влияние, ազդեցություն,influence
information,Информация, տեղեկատվություն,renseignements
initial,исходный, սկզբնական,initial
initiative,инициатива, նախաձեռնությունը,initiative
injury,рана, վնասվածք,blessure
insect,насекомое, միջատ,insecte
inside,внутри, ներսում,à l'intérieur
inspection,осмотр, զննում,inspection
inspector,инспектор, տեսուչ,inspecteur
instance,пример, օրինակ,exemple
instruction,инструкция, հրահանգ,instruction
insurance,страхование, ապահովագրություն,Assurance
intention,намерение, մտադրություն,intention
interaction,взаимодействие, փոխազդեցություն,interaction
interest,интерес, հետաքրքրություն,intérêt
internal,внутренний, ներքին,interne
international,Международный, միջազգային,international
internet,Интернет, Համացանց,l'Internet
interview,интервью, հարցազրույց,entretien
introduction,вступление, ներածություն,introduction
investment,инвестиции, ներդրում,investissement
invite,приглашать, հրավիրել,inviter
iron,утюг, երկաթ,le fer
island,остров, կղզի,île
issue,проблема, թողարկում,publier
it,Это, այն,il
item,предмет, կետ,Objet
jacket,пиджак, բաճկոն,veste
job,работа, աշխատանք,travail
join,присоединиться, միանալ,rejoindre
joint,соединение,համատեղ,articulation
joke,шутить, կատակ,blague
judge,судить, դատավոր,juge
judgment,суждение, դատողություն,jugement
juice,сок, հյութ,jus
jump,Прыгать, ցատկել,sauter
junior,младший, կրտսեր,junior
jury,жюри, ժյուրի,jury
keep,держать, պահել,garder
key,ключ, բանալի,clé
kick,пинать, հարվածել,coup
kid,дитя, երեխա,enfant
kill,убийство, սպանել,tuer
kind,Добрый, բարի,gentil
king,король, թագավոր,Roi
kiss,целовать, համբույր,embrasser
kitchen,кухня, խոհանոց,cuisine
knee,колено, ծունկը,genou
knife,нож, դանակ,couteau
knowledge,знания, գիտելիք,connaissance
lab,лаборатория, լաբորատորիա,laboratoire
lack,недостаток, պակասություն,manquer de
ladder,лестница, սանդուղք,échelle
lady,леди, տիկին,la demoiselle
lake,озеро, լիճ,Lac
land,земельные участки, հողատարածք,atterrir
landscape,пейзаж, լանդշաֆտ,paysage
language,язык, լեզու,Langue
laugh,смех, ծիծաղել,rire
law,закон, օրենք,droit
lawyer,юрист, իրավաբան,avocat
lay,класть, պառկել,allonger
layer,слой, շերտ,couche
lead,привести, առաջնորդել,plomb
leader,лидер, առաջնորդ,leader
leadership,лидерство, ղեկավարություն,leadership
leading,ведущий, առաջատար,premier
league,лига, լիգա,ligue
leather,кожа, կաշվե,cuir
leave,оставлять, հեռանալ,laisser
lecture,лекция, դասախոսություն,conférence
leg,нога, ոտքը,jambe
length,длина, երկարությունը,longueur
lesson,урок, դաս,leçon
let,позволять, թող,laisser
letter,письмо, նամակ,lettre
level,уровень, մակարդակ,niveau
library,библиотека, գրադարան,bibliothèque
lie,ложь, ստել,mentir
life,жизнь, կյանքը,vie
lift,поднимать, վերելակ,soulever
light,свет, լույս,lumière
limit,предел, սահման,limite
line,линия, տող,la ligne
link,соединять, հղում,lien
lip,губа, շրթունք,lèvre
list,список, ցուցակը,liste
listen,Слушать, լսել,Ecoutez
literature,литература, գրականություն,Littérature
living,жизнь, ապրող,vie
load,нагрузка, ծանրաբեռնվածություն,charger
loan,заем, վարկ,prêter
local,местный, տեղական,local
location,место расположения, գտնվելու վայրը,lieu
lock,замок, կողպեք,verrouiller
log,журнал, գերան,Journal
long,длинный, երկար,long
look,смотрю, նայել,regarder
loss,потеря, կորուստ,perte
love,любовь, Սեր,amour
low,низкий, ցածր,faible
luck,удача, հաջողություն,chance
lunch,обед, լանչ,le déjeuner
machine,машина, մեքենա,machine
magazine,журнал, ամսագիր,magazine
mail,почта, փոստ,courrier
main,главный, հիմնական,principale
maintenance,поддержание, սպասարկում,maintenance
major,крупный, մայոր,Majeur
make,делать, դարձնել,Fabriquer
male,мужчина, արական,Masculin
mall,торговый центр, մոլ,centre commercial
man,человек, մարդ,homme
management,управление, կառավարում,la gestion
manager,менеджер, մենեջեր,directeur
manner,манера,եղանակով,manière
manufacturer,производитель, արտադրող,fabricant
many,много, շատերը,de nombreux
map,карта, քարտեզ,carte
march,Март, երթ,Mars
mark,отметка, նշագծել,marque
market,рынок, շուկա,marché
marketing,маркетинг, մարքեթինգ,commercialisation
marriage,брак, ամուսնություն,mariage
master,мастер, վարպետ,Maître
match,соответствовать, համընկնում,rencontre
mate,приятель, ընկեր,copain
material,материал, նյութական,Matériel
math,математика, Մաթեմատիկա,mathématiques
matter,иметь значение, գործ,question
maximum,максимум, առավելագույնը,maximum
maybe,может быть, Միգուցե,peut être
meal,еда, ճաշ,repas
meaning,смысл, իմաստը,sens
measurement,измерение, չափում,la mesure
meat,мясо, միս,Viande
media,СМИ, լրատվամիջոցներ,médias
medicine,медицина, դեղ,Médicament
medium,Средняя, միջին,moyen
meet,встретиться, հանդիպել,rencontrer
meeting,встреча, հանդիպում,Rencontre
member,член, անդամ,membre
membership,членство, անդամակցություն,adhésion
memory,Память, հիշողություն,Mémoire
mention,упомянуть, նշել,mention
menu,меню, մենյու,menu
mess,беспорядок, խառնաշփոթ,désordre
message,сообщение, հաղորդագրություն,message
metal,металл, մետաղական,métal
method,метод, մեթոդ,méthode
middle,середина, միջին,milieu
midnight,полночь, կեսգիշեր,minuit
might,мощь, կարող է,puissance
milk,молоко, կաթ,Le Lait
mind,разум, միտք,esprit
mine,моя, իմը,mien
minimum,минимум, նվազագույնը,le minimum
minor,незначительный, անչափահաս,mineure
minute,минута, րոպե,minute
mirror,зеркало, հայելի,miroiter
miss,Мисс, միսս,Mademoiselle
mission,миссия, առաքելությունը,mission
mistake,ошибка, սխալ,erreur
mix,смешивание, խառնել,mélanger
mixture,смесь, խառնուրդ,mélange
mobile,мобильный, բջջային,portable
mode,Режим, ռեժիմ,mode
model,модель, մոդել,maquette
mom,Мама, մայրիկ,maman
moment,мгновенный, պահը,moment
money,Деньги, փող,argent
monitor,монитор, մոնիտոր,moniteur
month,месяц, ամիս,mois
mood,настроение, տրամադրություն,humeur
morning,утро, առավոտ,Matin
mortgage,ипотека, հիփոթեք,hypothèque
most,наиболее, մեծ մասը,plus
mother,мать, մայրիկ,mère
motor,мотор, շարժիչ,moteur
mountain,гора, լեռ,Montagne
mouse,мыши, մուկ,Souris
mouth,рот, բերան,bouche
move,двигаться, շարժվել,mouvement
movie,фильм, ֆիլմ,film
mud,грязь, ցեխ,boue
muscle,мышца, մկանային,le muscle
music,Музыка, երաժշտություն,la musique
nail,гвоздь, եղունգ,clou
name,имя, Անուն,Nom
nasty,противный, գարշելի,méchant
nation,нация, ազգ,nation
national,национальный, ազգային,nationale
native,родные, հայրենի,originaire de
natural,естественный, բնական,Naturel
nature,природа, բնությունը,la nature
neat,аккуратный, կոկիկ,soigné
necessary,необходимый,անհրաժեշտ,nécessaire
neck,шея, պարանոց,cou
negative,отрицательный, բացասական,négatif
negotiation,Переговоры, բանակցություն,négociation
nerve,нерв, նյարդային,nerf
net,сеть, ցանց,filet
network,сеть, ցանց,réseau
news,Новости, նորություններ,des nouvelles
newspaper,газета, թերթ,journal
night,ночь, գիշեր,nuit
nobody,никто, ոչ ոք,personne
noise,шум, աղմուկ,bruit
normal,нормальный, նորմալ,Ordinaire
north,к северу, հյուսիս,Nord
nose,нос, քիթ,nez
note,Примечание, Նշում,Remarque
nothing,ничего такого, ոչինչ,rien
notice,уведомление, ծանուցում,avis
novel,роман, վեպ,roman
number,количество, թիվ,Numéro
nurse,медсестра, բուժքույր,infirmière
object,объект, օբյեկտ,objet
objective,задача, օբյեկտիվ,objectif
obligation,обязательство, պարտավորություն,obligation
occasion,повод, առիթ,occasion
offer,предложение, առաջարկ,offrir
office,офис, գրասենյակ,Bureau
officer,офицер, սպա,officier
official,чиновник, պաշտոնական,officiel
oil,масло, յուղ,pétrole
one,один, մեկ,un
opening,открытие, բացում,ouverture
operation,операция, շահագործման,opération
opinion,мнение, կարծիք,avis
opportunity,возможность, հնարավորություն,opportunité
opposite,противоположный, հակառակը,contraire
option,вариант, տարբերակ,option
orange,апельсин, նարնջագույն,orange
order,порядок, պատվեր,ordre
ordinary,обычный, սովորական,ordinaire
organization,организация, կազմակերպություն,organisme
original,оригинал, օրիգինալ,original
other,Другие, այլ,autre
outcome,исход, արդյունքը,résultat
outside,вне, դրսում,à l'extérieur
oven,печь, վառարան,four
owner,владелец, սեփականատեր,propriétaire
pace,шаг, տեմպը,rythme
pack,пакет, փաթեթավորել,paquet
package,упаковка, փաթեթ,forfait
page,страница, էջ,page
pain,боль, ցավը,la douleur
paint,покрасить, ներկել,Peinture
painting,картина, Նկարչություն,La peinture
pair,пара, զույգ,paire
panic,паника, խուճապ,panique
paper,бумага, թուղթ,papier
parent,родительский, ծնող,parent
park,парк, այգի,parc
parking,стоянка, կայանատեղի,parking
part,часть, մաս,partie
particular,особый, հատուկ,particulier
partner,партнер, գործընկեր,partenaire
party,партия, կուսակցություն,fête
pass,проходят, անցնել,passe
passage,проход, հատված,passage
passenger,пассажир, ուղեւոր,passager
passion,страсть, կիրք,passion
past,мимо, անցյալ,passé
path,дорожка, ուղին,chemin
patience,терпение, համբերություն,patience
patient,пациент, հիվանդ,patient
pattern,шаблон, օրինակը,motif
pause,Пауза, դադար,pause
pay,платить, վճարել,Payer
payment,оплата, վճարում,Paiement
peace,мир, խաղաղություն,paix
peak,пик, գագաթնակետ,Pic
pen,ручка,գրիչ,stylo
penalty,штраф, տուգանք,peine
pension,пенсия, կենսաթոշակ,Pension
people,люди, Ժողովուրդ,gens
percentage,процент, տոկոսը,pourcentage
perception,восприятие, ընկալում,la perception
performance,спектакль, կատարումը,performance
period,период, ժամանակաշրջան,point final
permission,разрешение, թույլտվություն,autorisation
permit,разрешать, թույլտվություն,permis
person,человек, մարդ,la personne
personal,личный, անձնական,personnel
personality,личность, անհատականություն,personnalité
perspective,перспектива, հեռանկար,la perspective
phase,фаза, փուլ,phase
philosophy,Философия, փիլիսոփայություն,philosophie
phone,Телефон, հեռախոս,téléphone
photo,Фото, լուսանկար,photo
phrase,фраза, արտահայտություն,phrase
physical,физический, ֆիզիկական,physique
physics,физика, ֆիզիկա,la physique
piano,пианино, դաշնամուր,piano
pick,выбирать, ընտրել,prendre
picture,рисунок, նկար,photo
pie,пирог, կարկանդակ,tarte
piece,кусок, կտոր,pièce
pin,приколоть, քորոց,broche
pipe,трубка, խողովակ,tuyau
pitch,подача, սկիպիդար,terrain
pizza,пицца, պիցցա,pizza
place,место, տեղ,place
plan,строить планы, պլան,planifier
plane,самолет, Ինքնաթիռ,avion
plant,растение, գործարան,plante
plastic,пластик, պլաստիկ,Plastique
plate,пластина, ափսե,assiette
platform,Платформа, հարթակ,Plate-forme
play,играть, խաղալ,jouer
player,игрок, խաղացող,joueur
pleasure,удовольствие, հաճույք,plaisir
plenty,множество, շատ,abondance
poem,стихотворение, բանաստեղծություն,poème
poet,поэт, բանաստեղծ,poète
poetry,поэзия, պոեզիա,poésie
point,точка, կետ,point
police,полиция, ոստիկանություն,police
policy,политика, քաղաքականություն,politique
politics,политика, քաղաքականություն,politique
pollution,загрязнение, աղտոտվածություն,la pollution
pool,бассейн, լողավազան,bassin
pop,поп, փոփ,populaire
population,Население, բնակչությունը,population
position,позиция, դիրք,positionner
positive,положительный, դրական,positif
possession,владение, տիրապետում,possession
possibility,возможность, հնարավորություն,possibilité
possible,возможное, հնարավոր է,possible
post,публиковать, գրառում,Publier
pot,горшок, կաթսա,pot
potato,картофель, կարտոֆիլ,Patate
potential,потенциал, ներուժ,potentiel
pound,фунт, ֆունտ,broyer
power,сила, ուժ,Puissance
practice,упражняться, պրակտիկա,entraine toi
preference,предпочтение, նախապատվությունը,préférence
preparation,подготовка, պատրաստում,préparation
presence,присутствие, ներկայությունը,présence
present,настоящее время, ներկա,présente
presentation,презентация, ներկայացում,présentation
president,президент, նախագահ,Président
press,Нажмите, մամուլ,presse
pressure,давление, ճնշում,pression
price,цена, գինը,le prix
pride,гордость, հպարտություն,Orgueil
priest,священник, քահանա,prêtre
primary,начальный,առաջնային,primaire
principle,принцип, սկզբունք,principe
print,Распечатать, տպել,imprimer
prior,прежний, առաջ,préalable
priority,приоритет, առաջնահերթություն,priorité
private,частный, մասնավոր,privé
prize,приз, մրցանակ,prix
problem,проблема, խնդիր,problème
procedure,процедура, ընթացակարգը,procédure
process,процесс, գործընթաց,traiter
produce,производить, արտադրել,produire
product,товар, արտադրանք,produit
profession,профессия, մասնագիտություն,métier
professional,профессионал, պրոֆեսիոնալ,professionnelle
professor,профессор, պրոֆեսոր,professeur
profile,профиль, պրոֆիլը,le profil
profit,выгода, շահույթ,profit
program,программа, ծրագիրը,programme
progress,прогресс, առաջընթաց,le progrès
project,проект, նախագիծը,projet
promise,обещать, խոստում,promettre
promotion,продвижение, առաջխաղացում,promotion
prompt,быстрый, հուշել,rapide
proof,доказательство, ապացույց,preuve
property,имущество, սեփականություն,la propriété
proposal,предложение, առաջարկություն,proposition
protection,защита, պաշտպանություն,protection
psychology,психология, հոգեբանություն,psychologie
public,публичный, հանրային,Publique
pull,тяга, քաշել,tirer
punch,ударить кулаком, դակիչ,coup de poing
purchase,покупка, գնում,achat
purple,пурпурный, մանուշակագույն,mauve
purpose,цель, նպատակը,objectif
push,толкать, հրել,pousser
put,помещать, դնել,mettre
quality,качество, որակ,qualité
quantity,количество, քանակ,quantité
quarter,четверть, քառորդ,trimestre
queen,Королева, թագուհի,reine
question,вопрос, հարց,question
quiet,тихо, հանգիստ,silencieux
quit,уволиться, թողնել,quitter
quote,цитировать, մեջբերում,Devis
race,гонка, մրցավազք,course
radio,радио, ռադիո,radio
rain,дождь, անձրեւ,pluie
raise,поднимать, բարձրացնել,augmenter
range,спектр, միջակայք,intervalle
rate,ставка, տոկոսադրույքը,fréquence
ratio,соотношение, հարաբերակցությունը,rapport
raw,сырой, հում,cru
reach,достигать, հասնել,atteindre
reaction,реакция, ռեակցիա,réaction
read,читать, կարդալ,lire
reading,чтение, ընթերցանություն,en train de lire
reality,реальность, իրականություն,réalité
reason,причина, պատճառ,raison
reception,прием, ընդունելություն,ACCUEIL
recipe,рецепт блюда, բաղադրատոմսը,Recette
recognition,признание, ճանաչում,reconnaissance
recommendation,рекомендация, առաջարկություն,recommandation
record,записывать, գրառում,record
recording,запись, ձայնագրությունը,enregistrement
recover,восстанавливаться, վերականգնել,se remettre
red,красный, կարմիր,rouge
reference,Справка, հղում,référence
reflection,отражение, արտացոլումը,réflexion
refrigerator,холодильник, սառնարան,réfrigérateur
refuse,мусор, հրաժարվել,refuser
region,область, շրջան,Région
register,регистр, գրանցել,S'inscrire
regret,сожалеть, ափսոսանք,le regret
regular,обычный, կանոնավոր,régulier
relation,связь,հարաբերություն,relation
relationship,отношение, հարաբերություններ,relation amoureuse
relative,родственник, ազգական,relatif
release,выпускать, ազատում,Libération
relief,рельеф, թեթեւացում,le soulagement
remote,удаленный, հեռավոր,à distance
remove,Удалить, հեռացնել,supprimer
rent,арендная плата, վարձավճար,louer
repair,ремонт, վերանորոգում,réparation
repeat,повторение, կրկնել,répéter
replacement,замена, փոխարինում,remplacement
reply,Ответить, պատասխանել,Réponse
report,отчет, հաշվետվություն,rapport
representative,представитель, ներկայացուցիչ,représentant
republic,Республика, հանրապետություն,république
reputation,репутация, հեղինակություն,réputation
request,запрос, խնդրանք,demander
requirement,требование, պահանջը,exigence
research,исследовать, հետազոտություն,rechercher
reserve,резерв, պահուստ,réserve
resident,житель, բնակիչ,résident
resist,оказывать сопротивление, դիմադրել,résister
resolution,разрешающая способность, բանաձեւը,résolution
resolve,решать, լուծել,résoudre
resort,прибегнуть, հանգստավայր,station balnéaire
resource,ресурс, ռեսուրս,Ressource
respect,уважать, հարգանք,respect
respond,отвечать, արձագանքել,répondre
response,отклик, արձագանք,réponse
responsibility,обязанность, պատասխանատվություն,responsabilité
rest,отдых, հանգիստ,du repos
restaurant,ресторан, ռեստորան,le restaurant
result,результат, արդյունք,résultat
return,возвращаться, վերադարձ,retour
reveal,раскрыть, բացահայտել,faire apparaître
revenue,доход, եկամուտ,revenu
review,рассмотрение, վերանայում,passer en revue
revolution,революция, հեղափոխություն,révolution
reward,вознаграждение, պարգեւատրում,récompense
rice,рис, բրինձ,riz
rich,богатые, հարուստ,riche
ride,поездка, քշել,promenade
ring,звенеть, մատանի,anneau
rip,рвать, օղորմի,repose en paix
rise,подъем, բարձրանալ,monter
risk,риск, ռիսկը,risque
river,река, գետ,fleuve
road,Дорога, ճանապարհ,route
rock,рок, ռոք,rock
role,роль, դերը,rôle
roll,рулон, գլորում,rouler
roof,крыша, տանիքը,toit
room,номер, սենյակ,chambre
rope,веревка, պարան,corde
rough,грубый, կոպիտ,rugueux
round,круглый, կլոր,rond
routine,рутина, առօրյա,routine
row,строка, շարք,ligne
royal,Королевский, թագավորական,Royal
rub,руб, շփում,frotter
ruin,руина, կործանում,ruine
rule,правило, կանոն,règle
run,бег, վազել,Cours
rush,порыв, շտապել,se ruer
sad,грустный, տխուր,triste
safe,Безопасно, ապահով,sûr
safety,безопасность, անվտանգություն,sécurité
sail,плыть, առագաստ,voile
salad,салат, աղցան,salade
salary,зарплата, աշխատավարձ,salaire
sale,продажа, վաճառք,vendre
salt,соль, աղ,sel
sample,образец, նմուշ,échantillon
sand,песок, ավազ,sable
sandwich,сэндвич, սենդվիչ,sandwich
satisfaction,удовлетворение, բավարարվածություն,la satisfaction
save,спасти, փրկել,sauvegarder
savings,сбережения, խնայողություններ,des économies
scale,шкала,սանդղակ,échelle
scene,место действия, տեսարան,scène
schedule,график, ժամանակացույցը,programme
scheme,схема, սխեման,schème
school,школа, դպրոց,l'école
science,наука, գիտ,science
score,счет, միավոր,score
scratch,царапать, քերծվածք,gratter
screen,экран, էկրան,filtrer
screw,винт, պտուտակ,vis
script,сценарий, սցենար,scénario
sea,море, ծով,mer
search,поиск, որոնում,rechercher
season,время года, սեզոն,saison
seat,сиденье, նստատեղ,siège
second,второй, երկրորդ,deuxième
secret,секрет, գաղտնիք,secret
secretary,секретарь, քարտուղար,secrétaire
section,раздел, Բաժին,section
sector,сектор, հատվածը,secteur
security,безопасность, անվտանգություն,Sécurité
selection,выбор, ընտրություն,sélection
self,себя, ինքն իրեն,soi
sell,продавать, վաճառել,vendre
senior,старший, ավագ,Sénior
sense,смысл, իմաստ,sens
sensitive,чувствительный, զգայուն,sensible
sentence,приговор, նախադասություն,phrase
series,ряд, շարքը,série
serve,обслуживать, ծառայել,servir
service,оказание услуг, սպասարկում,un service
session,сессия, նիստ,session
set,установлен, հավաքածու,Positionner
setting,параметр, կարգավորումը,paramètre
sex,секс, սեքս,sexe
shake,встряхнуть, թափահարել,secouer
shame,стыд, ամոթ,la honte
shape,форма, ձեւավորել,façonner
share,Поделиться, կիսվել,partager
she,она, նա,elle
shelter,приют, ապաստան,abri
shift,сдвиг, հերթափոխ,changement
shine,блеск, փայլել,briller
ship,судно, նավ,bateau
shirt,Рубашка, վերնաշապիկ,la chemise
shock,шок, ցնցում,choc
shoe,обувь, կոշիկ,chaussure
shoot,стрелять, կրակել,tirer
shop,магазин, խանութ,magasin
shopping,поход по магазинам, գնումներ կատարել,achats
shot,выстрелил, կրակոց,tir
shoulder,плечо, ուս,épaule
show,показать, ցուցադրում,Afficher
shower,душ, ցնցուղ,douche
sick,больной, հիվանդ,malade
side,боковая сторона, կողմը,côté
sign,подписать, նշան,signe
signal,сигнал, ազդանշան,signal
signature,подпись, ստորագրությունը,Signature
significance,значимость, նշանակությունը,importance
silly,глупый, հիմար,bête
silver,Серебряный, արծաթ,argent
simple,просто, պարզ,Facile
sing,петь, երգել,chanter
singer,певец, երգչուհի,chanteuse
single,не замужем, միայնակ,Célibataire
sink,раковина, խորտակվել,couler
sir,сэр, պարոն,Monsieur
sister,сестра, քույր,sœur
site,сайт, կայք,site
situation,ситуация, իրավիճակ,situation
size,размер, չափը,Taille
skill,навык, հմտություն,compétence
skin,кожа, մաշկը,peau
skirt,юбка, կիսաշրջազգեստ,jupe
sky,небо, երկինք,ciel
sleep,спать, քնել,dormir
slice,кусочек, կտոր,tranche
slide,горка, Սլայդ,faire glisser
slip,соскальзывать, սայթաքել,glisser
smell,запах, հոտը,sentir
smile,улыбка, ժպտալ,le sourire
smoke,дымка,ծուխը,fumée
snow,снег, ձյուն,neiger
society,общество, հասարակությունը,société
sock,носок, գուլպա,chaussette
soft,мягкий, փափուկ,doux
software,программного обеспечения, ծրագրային ապահովում,Logiciel
soil,земля, հող,sol
solid,твердый, ամուր,solide
solution,решение, լուծում,la solution
somewhere,где-то, ինչ-որ տեղ,quelque part
son,сын, որդի,fils
song,песня, երգ,chanson
sort,Сортировать, տեսակավորել,trier
sound,звук, ձայն,son
soup,суп, ապուր,le potage
source,источник, աղբյուր,la source
south,юг, հարավ,sud
space,пространство, տարածություն,espacer
spare,запасной, պահեստային,de rechange
speaker,оратор, խոսնակ,conférencier
special,специальный, հատուկ,spécial
specialist,специалист, մասնագետ,spécialiste
specific,конкретный, կոնկրետ,spécifique
speech,речь, ելույթ,parole
speed,скорость, արագություն,vitesse
spell,орфографии, ուղղագրություն,épeler
spend,тратить, ծախսել,passer
spirit,дух, ոգի,esprit
spiritual,духовный, հոգեւոր,spirituel
spite,злобно, հակառակ,dépit
split,расколоть, պառակտել,diviser
sport,спорт, սպորտ,sport
spot,место, բիծ,place
spray,спрей, լակի,vaporisateur
spread,распространять, տարածվել,propagé
spring,весна, գարուն,le printemps
square,квадрат, քառակուսի,carré
stable,стабильный, կայուն,écurie
staff,штат сотрудников, անձնակազմը,Personnel
stage,сцена, փուլ,organiser
stand,стоять, կանգնել,supporter
standard,стандартный, ստանդարտ,la norme
star,звезда, աստղ,Star
start,Начало, սկսել,début
state,государство, պետություն,Etat
statement,утверждение, հայտարարություն,déclaration
station,станция, կայարան,station
status,положение дел, կարգավիճակը,statut
stay,оставаться, մնալ,rester
steak,стейк, սթեյք,bifteck
steal,воровать, գողանալ,voler
step,шаг, քայլ,marche d'escalier
stick,палка, փայտիկ,bâton
still,еще, դեռ,encore
stock,акции, պաշար,Stock
stomach,желудок, ստամոքս,estomac
stop,останавливаться, կանգ առնել,arrêter
storage,место хранения, պահեստավորում,espace de rangement
store,хранить, խանութ,boutique
storm,гроза, փոթորիկ,tempête
story,история, պատմություն,histoire
strain,напряжение, լարում,souche
stranger,незнакомец, օտար,étranger
strategy,стратегия, Ստրատեգիա,stratégie
street,улица, փողոց,rue
strength,сила, ուժ,force
stress,стресс, սթրես,stress
stretch,потягиваться, ձգվել,s'étirer
strike,забастовка, գործադուլ,frapper
string,нить, լար,chaîne de caractères
strip,полоска, քերթել,déshabiller
stroke,Инсульт, կաթված,accident vasculaire cérébral
structure,структура, կառուցվածքը,structure
struggle,борьба, պայքար,lutter
student,студент, ուսանող,étudiant
studio,студия, ստուդիա,studio
study,учиться, ուսումնասիրություն,étudier
stuff,вещи, իրեր,truc
stupid,тупой, հիմար,stupide
style,стиль, ոճը,style
subject,предмет,առարկա,matière
substance,вещество, նյութ,substance
success,успех, հաջողություն,Succès
suck,сосать, ծծել,sucer
sugar,сахар, շաքարավազ,du sucre
suggestion,предложение, առաջարկություն,suggestion
suit,подходить, կոստյում,combinaison
summer,летом, ամառ,été
sun,солнце, արև,Soleil
supermarket,супермаркет, սուպերմարկետ,supermarché
support,поддерживать, աջակցություն,Support
surgery,хирургия, վիրահատություն,opération
surprise,Сюрприз, անակնկալ,surprendre
surround,окружение, շրջապատել,entourer
survey,опрос, հարցում,sondage
suspect,подозревать, կասկածելի,suspect
sweet,сладкий, քաղցր,sucré
swim,плавать, լողալ,nager
swimming,плавание, լողալ,la natation
swing,качать, ճոճանակ,balançoire
switch,выключатель, անջատիչ,interrupteur
sympathy,сочувствие, համակրանք,sympathie
system,система, համակարգ,système
table,Таблица, սեղան,table
tackle,взяться, լուծել,s'attaquer à
tale,сказка, հեքիաթ,conte
talk,разговаривать, զրուցել,parlez
tank,бак, տանկ,Char
tap,кран, թակել,robinet
target,цель, թիրախ,cibler
task,задача, առաջադրանք,tâche
taste,вкус, համ,goûter
tax,налога, հարկային,impôt
tea,чай, թեյ,thé
teach,учить, սովորեցնել,enseigner
teacher,учитель, ուսուցիչ,prof
teaching,преподавание, ուսուցում,enseignement
team,команда, թիմը,équipe
tear,рвать, արցունքաբեր,larme
technology,технологии, տեխնոլոգիա,La technologie
telephone,телефон, հեռախոս,Téléphone
television,телевидение, հեռուստատեսություն,télévision
tell,рассказать, պատմել,dire
temperature,температура, ջերմաստիճանը,Température
temporary,временный, ժամանակավոր,temporaire
tennis,большой теннис, թենիս,tennis
tension,напряжение, լարում,tension
term,срок, ժամկետը,terme
test,тестовое задание, փորձարկում,test
text,текст, տեքստը,texte
thanks,Благодарность, շնորհակալություն,Merci
theme,тема, թեման,thème
theory,теория, տեսություն,théorie
thing,предмет, բան,chose
thought,мысль, մտածեց,pensée
throat,горло, կոկորդը,gorge
ticket,билет, տոմս,billet
tie,галстук, փողկապ,attacher
till,до, ից մինչեւ,jusqu'à
time,время, ժամանակ,temps
tip,совет, հուշում,pointe
title,заглавие, կոչում,Titre
today,сегодня, այսօր,aujourd'hui
toe,палец, քիթ,doigt de pied
tomorrow,завтра, վաղը,demain
tone,тон, տոնով,Ton
tongue,язык, լեզու,langue
tonight,сегодня вечером, այս երեկո,ce soir
tool,инструмент, գործիք,outil
tooth,зуб, ատամ,dent
top,вершина, գագաթ,Haut
topic,тема, թեմա,sujet
total,общее количество, ընդհանուր,total
touch,трогать, հպում,toucher
tough,жесткий, կոշտ,difficile
tour,тур, շրջագայություն,tour
tourist,турист, զբոսաշրջիկ,touristique
towel,полотенце, սրբիչ,serviette
tower,башня, աշտարակ,la tour
town,городок, քաղաք,ville
track,отслеживать, հետեւել,Piste
trade,торговля,առևտուր,Commerce
tradition,традиция, ավանդույթ,tradition
traffic,трафик, երթեւեկությունը,Circulation
train,тренироваться, գնացք,train
trainer,тренер, մարզիչ,entraîneur
training,тренировка, վերապատրաստում,entraînement
transition,переход, անցում,transition
transportation,транспорт, փոխադրում,transport
trash,мусор, աղբարկղ,déchets
travel,путешествовать, ճանապարհորդություն,Voyage
treat,рассматривать, բուժել,traiter
tree,дерево, ծառ,arbre
trick,обманывать, հնարք,tour
trip,путешествие, ճամփորդություն,voyage
trouble,беда, դժվարություն,difficulté
truck,грузовая машина, բեռնատար մեքենա,un camion
trust,доверять, վստահություն,confiance
truth,правда, ճշմարտություն,vérité
try,пытаться, փորձել,essayer
tune,мелодия, մեղեդի,régler
turn,повернуть, շրջադարձ,tourner
twist,крутить, շրջադարձ,torsion
two,два, երկու,deux
type,тип, տիպ,taper
uncle,дядя, հորեղբայր,oncle
understanding,понимание, ըմբռնումը,entente
union,союз, միություն,syndicat
unique,уникальный, եզակի,unique
unit,Ед. изм, միավոր,unité
university,Университет, համալսարան,université
upper,верхний, վերին,plus haut
upstairs,вверх по лестнице, վերևում,à l'étage
use,использовать, օգտագործել,utilisation
user,пользователь, օգտագործող,utilisateur
usual,обычный, սովորական,habituel
vacation,отпуск, արձակուրդ,vacances
valuable,ценный, արժեքավոր,précieux
value,стоимость, արժեքը,évaluer
variation,вариация, տատանումներ,variation
variety,разнообразие, բազմազանություն,la variété
vast,огромный, ընդարձակ,vaste
vegetable,овощ, բուսական,légume
vehicle,транспортное средство, փոխադրամիջոց,véhicule
version,версия, տարբերակը,version
video,видео, տեսանյութ,vidéo
view,Посмотреть, դիտել,vue
village,деревня, գյուղ,village
virus,вирус, վիրուս,virus
visit,посетить, այցելություն,visite
visual,визуальный, տեսողական,visuel
voice,голос, ձայն,voix
volume,объем, ծավալը,volume
wait,ждать, սպասիր,Attendez
wake,будить, արթնանալ,se réveiller
walk,ходить, քայլել,marche
wall,стена, պատ,mur
war,война, պատերազմ,guerre
warning,предупреждение, նախազգուշացում,avertissement
wash,стирать, լվանալ,laver
watch,смотреть, ժամացույց,Regardez
water,вода, ջուր,l'eau
wave,волна, ալիք,vague
way,путь, ճանապարհ,façon
weakness,слабое место, թուլություն,la faiblesse
wealth,богатство, հարստություն,richesse
wear,носить, հագնել,porter
weather,погода, եղանակ,la météo
web,веб -, վեբ,la toile
wedding,свадьба, հարսանիք,mariage
week,неделю, շաբաթ,semaine
weekend,выходные дни," շաբաթ, կիրակի",weekend
weight,масса, քաշը,poids
weird,странный, տարօրինակ,bizarre
welcome,добро пожаловать, բարի գալուստ,bienvenue
west,западный, արեւմուտք,Ouest
western,западный, արևմտյան,occidental
wheel,колесо, անիվ,la roue
whereas,тогда как, մինչդեռ,tandis que
while,пока, մինչդեռ,tandis que
white,белый, սպիտակ,blanche
whole,все, ամբողջ,entier
wife,жена,կինը,femme
will,будет, կամք,sera
win,выиграть, հաղթել,gagner
wind,ветер, քամի,vent
window,окно, պատուհան,la fenêtre
wine,вино, գինի,vin
wing,крыло, թեւը,aile
winner,Победитель, հաղթող,gagnant
winter,зима, Ձմեռ,l'hiver
wish,желание, ցանկություն,souhaiter
witness,свидетель, վկա,témoin
woman,женщина, կին,femme
wonder,удивляться, զարմանալ,merveille
wood,древесина, փայտ,bois
word,слово, բառ,mot
work,работай, աշխատանք,travail
worker,работник, բանվոր,ouvrier
working,за работой, աշխատանքային,travail
world,Мир, աշխարհ,monde
worry,волноваться, անհանգստանալ,s'inquiéter
worth,стоящий, արժե,valeur
wrap,сворачивать, պատել,envelopper
writer,писатель, գրող,écrivain
writing,пишу, գրելը,l'écriture
yard,площадка, բակ,cour
year,год, տարին,an
yellow,желтый, դեղին,jaune
yesterday,вчерашний день, երեկ,hier
you,ты, դու,toi
young,молодой, երիտասարդ,Jeune
youth,молодежь, երիտասարդություն,jeunesse
zone,зона, գոտի,zone